Label,Section,Number of samples,Average Current (uA),Total Current (uA),Total time(ms),Energy consumption (joules)
no_tls_10_256B,total,31248453,2355.812399672097,73615493047.97073,312484.5301389856,3.540905217182301
no_tls_10_256B,setup,1234470,27048.757305215928,33390879430.569904,12344.700000223036,1.6061013006394305
no_tls_10_256B,compute,14601,39881.85723676103,106928221.38432902,146.01000000001238,0.028009351380423264
no_tls_10_256B,sleep,26150206,3.533993118760156,92414648.05816054,261502.06009150448,0.004445144573152961
no_tls_10_256B,modem,1271115,30051.294992609437,38198651834.53075,12711.150000231035,1.837355153274324
no_tls_10_256B,system,2578061,708.5243183713094,1826618912.7446563,25780.60999880708,0.08786036969895249
no_tls_10_708B,total,31138388,2254.5944323062376,70204436215.79137,311383.88013796054,3.376833383475691
no_tls_10_708B,setup,1124397,25889.42748364424,29109994594.32713,11243.97000019901,1.4001907400119171
no_tls_10_708B,compute,14603,30846.522272486316,107088052.80911271,146.03000000001236,0.021666729884241995
no_tls_10_708B,sleep,26097874,3.3915853793717967,88513167.89108735,260978.7400910171,0.004257483377046111
no_tls_10_708B,modem,1301244,30036.63557156343,39084991817.68349,13012.440000237611,1.8799881064649047
no_tls_10_708B,system,2600270,697.5616310325238,1813848582.3249407,26002.699998771528,0.08724611680570779
no_tls_10_1024B,total,31017510,2209.3153982636436,68527462458.796555,310175.1001368348,3.296170945722231
no_tls_10_1024B,setup,1003447,24702.307296393345,24787456149.644012,10034.470000172609,1.192276640818386
no_tls_10_1024B,compute,14667,39655.871602313346,106931116.00724456,146.67000000001178,0.027976531368855594
no_tls_10_1024B,sleep,26041012,3.3414122697035404,87013757.01229714,260410.12009048753,0.004185361713745824
no_tls_10_1024B,modem,1365803,30528.355939893034,41695720127.77373,13658.030000251703,2.0055641381828764
no_tls_10_1024B,system,2592581,713.7062671682648,1850341307.8413672,25925.809998783836,0.08900141690299476
no_tls_10_1416B,total,31214761,2363.282675410814,73769303888.38914,312147.6101386718,3.5483035186078538
no_tls_10_1416B,setup,1200726,25825.57014543341,31009433538.445675,12007.26000021567,1.4915537532260275
no_tls_10_1416B,compute,14642,30409.93046152894,108746842.99280703,146.420000000012,0.02141711190743345
no_tls_10_1416B,sleep,26019433,3.3104189340477483,86135223.65638681,260194.33009028656,0.004143104259309849
no_tls_10_1416B,modem,1358385,29979.28789153685,40723414982.54528,13583.850000250084,1.9587962606964902
no_tls_10_1416B,system,2621575,702.4682872014434,1841573300.020124,26215.749998737425,0.08857967572670189
no_tls_10_2048B,total,31211941,2440.3355227608354,76167608356.61536,312119.41013864556,3.663661963580622
no_tls_10_2048B,setup,1197852,26129.48224827942,31299252570.065998,11978.520000215043,1.505494048647202
no_tls_10_2048B,compute,14689,30274.02096113229,110169031.6725216,146.89000000001158,0.02138983401649896
no_tls_10_2048B,sleep,26005406,3.2798663074222327,85294254.95023598,260054.06009015592,0.004102653664528664
no_tls_10_2048B,modem,1404878,30503.13282742764,42853180240.33089,14048.780000260233,2.0612379695980967
no_tls_10_2048B,system,2589116,702.8314910903118,1819712258.885784,25891.159998789382,0.08752815964831356
no_tls_15_256B,total,31139476,2219.766606464321,69122368967.59717,311394.7601379707,3.324785948814547
no_tls_15_256B,setup,1121972,25401.021547569064,28499234947.769157,11219.72000019848,1.3708132010119463
no_tls_15_256B,compute,15314,35628.992322513346,127579200.18330869,153.1400000000121,0.026244436883339297
no_tls_15_256B,sleep,26101643,3.286509742818258,85783304.02306399,261016.4300910522,0.0041261769249487405
no_tls_15_256B,modem,1288430,29934.76111926663,38568844268.896706,12884.300000234814,1.855161409367741
no_tls_15_256B,system,2612117,704.7644672769048,1840927245.9699469,26121.169998752564,0.08854860052692573
no_tls_15_708B,total,30984911,2063.709755836116,63943863114.41379,309849.1101365312,3.0756998171585717
no_tls_15_708B,setup,967404,24425.062336839736,23628903004.908108,9674.040000164741,1.1365502345554344
no_tls_15_708B,compute,15321,35699.24543006654,128006043.11758652,153.21000000001206,0.026308205497159853
no_tls_15_708B,sleep,26077048,3.270664520897582,85289275.70334324,260770.48009082314,0.004102414162759631
no_tls_15_708B,modem,1284081,29790.798374742077,38253798167.83718,12840.810000233865,1.8400076919064796
no_tls_15_708B,system,2641057,699.6693453759517,1847866622.290575,26410.56999870624,0.08888238452782261
no_tls_15_1024B,total,31044947,2259.7064054453026,70152465592.60992,310449.4701370903,3.3743335964945973
no_tls_15_1024B,setup,1027387,24530.444365668525,25202259645.51109,10273.870000177834,1.2122286889700664
no_tls_15_1024B,compute,15370,47302.74837661898,137262097.55094177,153.7000000000116,0.034970779966591925
no_tls_15_1024B,sleep,26012455,3.2735416519808664,85152854.91277795,260124.55009022157,0.004095852322725224
no_tls_15_1024B,modem,1416655,30265.62845367962,42875953877.0475,14166.550000262803,2.062333381524243
no_tls_15_1024B,system,2573080,719.6966735899848,1851837116.8809183,25730.79999881505,0.08907336531787018
no_tls_15_1416B,total,31029000,2189.855520926459,67949026958.8271,310290.0001369418,3.2683481981620193
no_tls_15_1416B,setup,1011444,24695.391303822915,24978005361.903866,10114.440000174354,1.2014420579282865
no_tls_15_1416B,compute,15365,47278.563823675024,137474902.39068076,153.65000000001166,0.034941529904554534
no_tls_15_1416B,sleep,26059213,3.2517240118300776,84737368.64149451,260592.13009065704,0.004075867433073834
no_tls_15_1416B,modem,1368892,29888.753044354587,40914474932.39264,13688.920000252378,1.9679862442843687
no_tls_15_1416B,system,2574086,712.6158150693827,1834334392.948687,25740.85999881344,0.08823148429676471
no_tls_15_2048B,total,31067862,2279.8473976716086,70829984331.92065,310678.6201373037,3.4069222478710643
no_tls_15_2048B,setup,1050248,26071.352435758283,27381385752.950264,10502.480000182824,1.3170446547398345
no_tls_15_2048B,compute,15424,35924.30744338563,130673154.88950834,154.24000000001112,0.026652042516128033
no_tls_15_2048B,sleep,26071724,3.264042784302996,85099222.59653924,260717.24009077356,0.0040932726083186865
no_tls_15_2048B,modem,1365112,30313.56899842121,41381416802.57278,13651.120000251552,1.990446148240429
no_tls_15_2048B,system,2565354,721.697433655172,1851409398.21703,25653.53999882742,0.08905279205016868
no_tls_20_256B,total,31281325,2260.8439046868293,70722192956.77773,312813.25013929175,3.4017374827357587
no_tls_20_256B,setup,1152469,26204.411374964795,30199771772.894302,11524.690000205137,1.452609022302072
no_tls_20_256B,compute,37573,42090.23584466259,905320547.0439513,375.72999999994823,0.07606805434992102
no_tls_20_256B,sleep,26182263,3.281732385202044,85923180.40497722,261822.63009180303,0.0041329049789285265
no_tls_20_256B,modem,1262843,29692.143030799252,37496514981.44362,12628.43000022923,1.8035823706401766
no_tls_20_256B,system,2646177,768.9064164085233,2034662474.252657,26461.769998698044,0.09786726500673759
no_tls_20_708B,total,31341310,2328.380003235049,72974479479.19067,313413.1001398504,3.510072464515327
no_tls_20_708B,setup,1212509,26102.642374469167,31649688802.825237,12125.090000218242,1.522350031443295
no_tls_20_708B,compute,37549,43152.27233089561,928830069.3200024,375.48999999994845,0.07793761680749896
no_tls_20_708B,sleep,26130488,3.3823530510770423,88382535.81293204,261304.88009132084,0.004251199974087741
no_tls_20_708B,modem,1277308,29939.28125900869,38241683466.381874,12773.080000232387,1.8394249747664335
no_tls_20_708B,system,2683456,769.863416467106,2065894604.0991545,26834.55999863837,0.09936953045212715
no_tls_20_1024B,total,31213378,2240.7821403320527,69942379961.8334,312133.78013865894,3.364228477658675
no_tls_20_1024B,setup,1084815,25863.66809225459,28057295101.49916,10848.15000019037,1.3495558944057922
no_tls_20_1024B,compute,37536,42231.74938337307,904682210.8307729,375.35999999994857,0.07624864644748096
no_tls_20_1024B,sleep,26143395,3.950244580745593,103272804.42104143,261433.95009144105,0.004967421894389534
no_tls_20_1024B,modem,1286053,30166.01641926263,38795095914.04196,12860.530000234296,1.8660441134994141
no_tls_20_1024B,system,2661579,782.2551689850377,2082033930.4120276,26615.78999867339,0.10014583204782694
no_tls_20_1416B,total,31209993,2312.8835132441827,72185078258.16635,312099.9301386274,3.472102265760027
no_tls_20_1416B,setup,1081457,26316.412273067606,28460068267.594875,10814.570000189637,1.368929283695318
no_tls_20_1416B,compute,37572,42643.02003922686,915480096.6009327,375.71999999994824,0.07706502870274469
no_tls_20_1416B,sleep,26109526,3.82151289909324,99777890.39821033,261095.26009112562,0.004799316529828939
no_tls_20_1416B,modem,1338345,30355.662981686393,40626349773.225075,13383.45000024571,1.9541274241280022
no_tls_20_1416B,system,2643093,788.244011746127,2083402229.738106,26430.92999870298,0.10021164724548531
no_tls_20_2048B,total,31100167,2298.2307662603657,71475360635.23534,311001.6701376046,3.437964848075968
no_tls_20_2048B,setup,971643,25912.305161702072,25177509924.231686,9716.430000165667,1.2110382273761926
no_tls_20_2048B,compute,37590,43493.551420751006,932753059.6251719,375.8999999999481,0.07863977695926919
no_tls_20_2048B,sleep,26020456,4.232605681649895,110134329.9047211,260204.5600902961,0.005297461270255407
no_tls_20_2048B,modem,1418179,30436.816770799727,43164854371.195984,14181.790000263136,2.0762294952930502
no_tls_20_2048B,system,2652299,788.0366993061493,2090108949.5330007,26522.989998688245,0.10053424046756516
no_tls_25_256B,total,34890120,2470.7665404082904,86205341086.83011,348901.20017290127,4.146476908331353
no_tls_25_256B,setup,1202018,25871.44469860545,31097942213.728325,12020.180000215953,1.495811020507206
no_tls_25_256B,compute,752118,17642.48516159523,7753037084.707469,7521.180000113828,0.6382499945040331
no_tls_25_256B,sleep,26108027,3.6456938632697833,95181873.8159818,261080.27009111166,0.004578248132146439
no_tls_25_256B,modem,1281639,29936.410764941487,38367671556.36884,12816.390000233332,1.8454850018949396
no_tls_25_256B,system,5546318,1603.1371366066544,8891508357.229946,55463.18000231221,0.42768155200059005
no_tls_25_708B,total,34827335,2430.676779578433,84653994479.09924,348273.35017231654,4.071857136459323
no_tls_25_708B,setup,1140075,26332.55914047133,30021092362.072853,11400.750000202432,1.4440145426413442
no_tls_25_708B,compute,751477,17559.23644287769,7680068948.407344,7514.770000113686,0.6346969278124913
no_tls_25_708B,sleep,26109294,3.620282026038393,94523007.78075206,261092.94009112346,0.004546556675840958
no_tls_25_708B,modem,1267333,29951.172347135696,37958109104.212524,12673.33000023021,1.8257850479457876
no_tls_25_708B,system,5559156,1600.9986148356272,8900201055.655167,55591.56000233837,0.42809967079502076
no_tls_25_1024B,total,34748421,2440.558691178103,84805560876.2657,347484.2101715816,4.079147480162591
no_tls_25_1024B,setup,1058540,25222.642396398638,26699175882.283813,10585.400000184634,1.2842303599602514
no_tls_25_1024B,compute,752255,17119.592320188145,7397472468.549692,7522.55000011385,0.6194461781009677
no_tls_25_1024B,sleep,25986680,3.3987304273949066,88321720.02297467,259866.80008998152,0.00424827473457609
no_tls_25_1024B,modem,1372636,30378.939582023053,41699226112.109795,13726.360000253195,2.0057327760294785
no_tls_25_1024B,system,5578310,1599.295251142641,8921364692.401506,55783.10000237739,0.42911764172280076
no_tls_25_1416B,total,34737854,2382.695863464761,82769741031.4428,347378.5401714832,3.9812245455777266
no_tls_25_1416B,setup,1045731,24514.942999095714,25636035857.38736,10457.310000181838,1.2330933247617737
no_tls_25_1416B,compute,752457,17463.6546257481,7659645807.253356,7524.570000113897,0.6320652250253137
no_tls_25_1416B,sleep,26055611,3.349118662443669,87263333.06147255,260556.1100906235,0.004197366321716707
no_tls_25_1416B,modem,1338529,30224.13110617495,40455875985.41725,13385.29000024575,1.9459276349342964
no_tls_25_1416B,system,5545526,1610.473027703377,8930920047.427797,55455.2600023106,0.42957725429917576
no_tls_25_2048B,total,34719991,2409.3515780970183,83652665107.36427,347199.9101713168,4.023693193649609
no_tls_25_2048B,setup,1027359,24556.26476338648,25228099611.04797,10273.590000177828,1.2134715913124117
no_tls_25_2048B,compute,753113,17509.40926032395,7700284101.445549,7531.1300001140335,0.6342737157242077
no_tls_25_2048B,sleep,25982522,3.324403638213498,86376390.66676225,259825.2200899428,0.004154704392509483
no_tls_25_2048B,modem,1379289,30262.162980142515,41740268514.71779,13792.890000254647,2.007706915594992
no_tls_25_2048B,system,5577708,1595.2137488368173,8897636488.597107,55777.08000237616,0.42797631511975304
no_tls_e2e_10_256B,total,31267774,2338.9318770307304,73133193332.39267,312677.74013916554,3.517706600853736
no_tls_e2e_10_256B,setup,1253131,26509.018050500756,33219272298.642063,12531.31000022711,1.5978469975936413
no_tls_e2e_10_256B,compute,15239,31186.34283676134,116397081.53367695,152.39000000000658,0.022859461435341417
no_tls_e2e_10_256B,sleep,26127425,3.3062455954442806,86383683.82655078,261274.2500912923,0.004155055193508918
no_tls_e2e_10_256B,modem,1265974,29896.880498765746,37848673392.544464,12659.740000229913,1.8205211902144511
no_tls_e2e_10_256B,system,2606005,714.6827711822209,1862466875.1147237,26060.049998762348,0.0895846566887636
no_tls_e2e_10_708B,total,31095868,2222.692789536277,69116561587.97185,310958.68013756454,3.324506613852169
no_tls_e2e_10_708B,setup,1080452,25379.20188989871,27421009440.34484,10804.520000189417,1.3189505541037096
no_tls_e2e_10_708B,compute,16018,39884.47191821206,115651950.27467033,160.1799999999995,0.030729621564042686
no_tls_e2e_10_708B,sleep,26069324,3.3030788415920656,86109032.51900823,260693.2400907512,0.004141844465606133
no_tls_e2e_10_708B,modem,1326962,29854.963576275535,39616402177.10174,13269.620000243225,1.9055489447535212
no_tls_e2e_10_708B,system,2603112,721.2094550704496,1877388987.0073483,26031.11999876698,0.09030241027077608
no_tls_e2e_10_1024B,total,31254045,2375.6395131573418,74248344247.99765,312540.4501390377,3.571345359917446
no_tls_e2e_10_1024B,setup,1238128,26042.261570433027,32243653233.6771,12381.280000223835,1.5509197205679068
no_tls_e2e_10_1024B,compute,16512,31077.59109837973,127842927.60762687,165.119999999995,0.024682668160810307
no_tls_e2e_10_1024B,sleep,26041528,3.2863612679707543,85581868.9779759,260415.28009049234,0.004116487899271088
no_tls_e2e_10_1024B,modem,1332168,29951.60007046798,39900563162.675186,13321.680000244362,1.9192170881598811
no_tls_e2e_10_1024B,system,2625709,720.073341833349,1890703054.311901,26257.089998730808,0.09094281690800651
no_tls_e2e_10_1416B,total,31075928,2180.9261082146645,67774302712.19912,310759.28013737884,3.2599439618979162
no_tls_e2e_10_1416B,setup,1059337,24706.56148363781,26172574722.39243,10593.370000184808,1.2589008441690381
no_tls_e2e_10_1416B,compute,17183,31007.31381071671,134855748.97984487,171.8299999999889,0.025627616181377467
no_tls_e2e_10_1416B,sleep,26090443,3.269801565578416,85310571.36803442,260904.4300909479,0.0041034384842328605
no_tls_e2e_10_1416B,modem,1308734,30176.576875379873,39493112160.4234,13087.340000239246,1.8996186949510918
no_tls_e2e_10_1416B,system,2600231,726.2622084175048,1888449508.4556568,26002.30999877159,0.09083442135242586
no_tls_e2e_10_2048B,total,31300989,2503.7533355190135,78369955613.79395,313009.8901394749,3.7695948667031924
no_tls_e2e_10_2048B,setup,1283396,26422.834131179137,33910959632.61878,12833.960000233716,1.6311171583586672
no_tls_e2e_10_2048B,compute,18203,31123.55616489783,142045246.48523492,182.02999999997962,0.027250674667026402
no_tls_e2e_10_2048B,sleep,25979119,3.345375553274608,86909909.59821188,259791.1900899111,0.004180366653120773
no_tls_e2e_10_2048B,modem,1386920,30549.581101125455,42369825020.77292,13869.200000256313,2.0379885835368405
no_tls_e2e_10_2048B,system,2633351,706.406325401303,1860215803.4018466,26333.509998718575,0.08947638013927477
no_tls_e2e_15_256B,total,31271835,2332.520121577705,72942184376.15793,312718.35013920336,3.5085190700549775
no_tls_e2e_15_256B,setup,1253754,26755.01695298683,33544209524.87505,12537.540000227245,1.613476478175734
no_tls_e2e_15_256B,compute,15945,47697.368590933926,143384806.03787816,159.45000000000638,0.036581711478976896
no_tls_e2e_15_256B,sleep,26120043,3.8994869594298747,101854767.05824758,261200.43009122356,0.0048992142972127456
no_tls_e2e_15_256B,modem,1253012,29721.632763928737,37241562512.795876,12530.120000227083,1.7913191568979456
no_tls_e2e_15_256B,system,2629081,726.9356724756922,1911172764.7280653,26290.80999872541,0.09192740997896326
no_tls_e2e_15_708B,total,31396413,2508.077637743979,78744641350.67435,313964.1301403636,3.7876172506607615
no_tls_e2e_15_708B,setup,1377552,26845.60364542086,36981214992.956795,13775.520000254268,1.7787964411940547
no_tls_e2e_15_708B,compute,16710,35766.3847371712,141816231.25102195,167.09999999999943,0.028747267498885988
no_tls_e2e_15_708B,sleep,26038515,3.8178974740931895,99412380.64763762,260385.15009046427,0.004781735510812663
no_tls_e2e_15_708B,modem,1330615,29756.040763195808,39593834180.11979,13306.150000244023,1.904463424098688
no_tls_e2e_15_708B,system,2633021,732.3768267351413,1928363564.7069886,26330.209998719103,0.09275428745789388
no_tls_e2e_15_1024B,total,31065560,2226.8940153920557,69179709648.80283,310655.6001372823,3.3275440355778962
no_tls_e2e_15_1024B,setup,1046207,25612.797016583787,26796287528.329075,10462.070000181942,1.2889014301350432
no_tls_e2e_15_1024B,compute,17201,35882.5989943611,141693267.30184072,172.00999999999493,0.029688117753025576
no_tls_e2e_15_1024B,sleep,26069249,3.552955569155168,92622883.4182428,260692.4900907505,0.004455160693968378
no_tls_e2e_15_1024B,modem,1342023,30000.83803202036,40261814658.24606,13420.230000246513,1.936593285097208
no_tls_e2e_15_1024B,system,2590880,728.4364041674123,1887291310.829265,25908.79999878656,0.09077871204663601
no_tls_e2e_15_1416B,total,31303127,2556.1654643630714,80015972163.97119,313031.2701394948,3.8487682628021247
no_tls_e2e_15_1416B,setup,1283082,26316.6722740077,33766448494.678345,12830.820000233647,1.624166172623604
no_tls_e2e_15_1416B,compute,17875,35807.323441958455,152612480.75145367,178.74999999998883,0.030786689103850934
no_tls_e2e_15_1416B,sleep,21301454,11.146832506640191,237443739.88590074,213014.54004634696,0.011421043890996775
no_tls_e2e_15_1416B,modem,1437726,30369.28765938082,43662714469.37095,14377.260000267403,2.1001765660158034
no_tls_e2e_15_1416B,system,7262990,302.4584881744493,2196752975.0261436,72629.90000064803,0.10566381809970027
no_tls_e2e_15_2048B,total,31300004,2494.828479232229,78088141379.28268,313000.0401394657,3.7560396020171023
no_tls_e2e_15_2048B,setup,1278914,25890.453910281652,33111663972.213947,12789.140000232737,1.5926710370924744
no_tls_e2e_15_2048B,compute,18919,35940.25361566534,161790594.08754998,189.1899999999793,0.032705770957240976
no_tls_e2e_15_2048B,sleep,25963357,3.3778055502477202,87699171.377663,259633.5700897643,0.0042183301447240125
no_tls_e2e_15_2048B,modem,1412672,30304.718162933106,42810626816.66704,14126.720000261934,2.059191149919865
no_tls_e2e_15_2048B,system,2626142,729.7247536649238,1916360824.0391104,26261.419998730114,0.09217695563182393
no_tls_e2e_20_256B,total,31222417,2173.8057116347945,67871468405.64331,312224.1701387431,3.2646176317621416
no_tls_e2e_20_256B,setup,1093058,25910.293265030206,28321453335.687386,10930.580000192169,1.362261905470513
no_tls_e2e_20_256B,compute,38184,43095.99766019432,931687048.5087788,381.8399999999427,0.07915228134098307
no_tls_e2e_20_256B,sleep,26162675,3.374868884543489,88295597.79392383,261626.7500916206,0.004247018255375023
no_tls_e2e_20_256B,modem,1221834,29810.068903956897,36422955729.19727,12218.340000220278,1.7519441706059737
no_tls_e2e_20_256B,system,2706666,778.4768027813192,2107076693.876902,27066.65999860122,0.10135038897024126
no_tls_e2e_20_708B,total,31464951,2544.8451774734467,80073428811.7883,314649.5101410019,3.8515319275729794
no_tls_e2e_20_708B,setup,1334807,26666.614808263028,35594784112.373146,13348.070000244938,1.7121091158365656
no_tls_e2e_20_708B,compute,38954,43362.90319214315,943243273.6978745,389.5399999999357,0.08124852533852497
no_tls_e2e_20_708B,sleep,25986535,3.3692016989496634,87553877.87181489,259865.35008998017,0.004211341527092502
no_tls_e2e_20_708B,modem,1373502,30077.865206224804,41312008016.48018,13735.020000253384,1.9871075856293547
no_tls_e2e_20_708B,system,2731153,782.0285170768651,2135839530.5000312,27311.529998562022,0.10273388141164247
no_tls_e2e_20_1024B,total,31304860,2405.861876319132,75315169217.50775,313048.60013951093,3.6226596409765697
no_tls_e2e_20_1024B,setup,1174244,25819.243531048312,30318091800.872295,11742.44000020989,1.4583002156480234
no_tls_e2e_20_1024B,compute,39470,43387.408224942505,947465976.8889853,394.699999999931,0.08237129822689651
no_tls_e2e_20_1024B,sleep,26017521,3.34644940040158,87066317.55038552,260175.21009026875,0.004187889875626547
no_tls_e2e_20_1024B,modem,1380495,30299.262523759215,41827980417.73698,13804.95000025491,2.0119258581302986
no_tls_e2e_20_1024B,system,2693130,792.5962369869106,2134564703.7165587,26931.299998622886,0.10267256224351637
no_tls_e2e_20_1416B,total,31422822,2466.8390390756185,77515044027.5242,314228.22014060954,3.7284736193923154
no_tls_e2e_20_1416B,setup,1291467,26500.13426934246,34224048904.424896,12914.670000235477,1.6461767523328525
no_tls_e2e_20_1416B,compute,40082,42453.25013244405,928790193.28693,400.8199999999254,0.0818474973639795
no_tls_e2e_20_1416B,sleep,26051534,3.307768668400096,86172447.92895983,260515.34009058552,0.004144894746824217
no_tls_e2e_20_1416B,modem,1328720,30240.92832166004,40181726279.55613,13287.200000243609,1.9327410340820848
no_tls_e2e_20_1416B,system,2711019,772.5162389401712,2094306201.575344,27110.18999859425,0.10073612829055055
no_tls_e2e_20_2048B,total,31309731,2352.2931809678907,73649666729.23898,313097.3101395563,3.5425489712554086
no_tls_e2e_20_2048B,setup,1177263,25861.188793155827,30445420702.19701,11772.630000210549,1.4644247358018667
no_tls_e2e_20_2048B,compute,41183,43114.30366094768,954479445.0731406,411.8299999999154,0.08540522328485212
no_tls_e2e_20_2048B,sleep,26072234,3.3038650650978107,86139143.08165535,260722.3400907783,0.0041432927836702335
no_tls_e2e_20_2048B,modem,1330245,30115.711412567936,40061274528.01144,13302.450000243942,1.9269473048326866
no_tls_e2e_20_2048B,system,2688806,781.890887656782,2102352910.0768814,26888.059998629808,0.10112317496954484
no_tls_e2e_25_256B,total,34877989,2436.38931420165,84976359700.44269,348779.8901727883,4.087362903616205
no_tls_e2e_25_256B,setup,1184373,25927.719966518387,30708091479.90528,11843.730000212101,1.4770592002098957
no_tls_e2e_25_256B,compute,753855,17563.617248970793,7880032332.415669,7538.550000114064,0.6368642347764565
no_tls_e2e_25_256B,sleep,26084223,3.303303140778506,86164095.76066694,260842.23009088996,0.0041444930075322205
no_tls_e2e_25_256B,modem,1259885,29643.81395012471,37347796538.55287,12598.850000228584,1.7964290135369858
no_tls_e2e_25_256B,system,5595653,1600.2198944201336,8954275252.871704,55956.53000241272,0.43070063968169975
no_tls_e2e_25_708B,total,34855096,2501.371711891368,87185551149.65796,348550.9601725751,4.193625012374902
no_tls_e2e_25_708B,setup,1161753,25998.0192687768,30203276879.559254,11617.530000207164,1.452777617932706
no_tls_e2e_25_708B,compute,754397,17154.62008358926,7719884302.591627,7543.970000114011,0.6224810479077026
no_tls_e2e_25_708B,sleep,26009385,3.300202787934538,85836244.88946275,260093.85009019298,0.00412872338061488
no_tls_e2e_25_708B,modem,1340043,30011.71930577454,40216994373.66803,13400.43000024608,1.9344374294089555
no_tls_e2e_25_708B,system,5589518,1602.9216379586323,8959559347.959259,55895.18000240022,0.43095480465534614
no_tls_e2e_25_1024B,total,34957202,2587.2015512938756,90441327243.29337,349572.020173526,4.350227842561845
no_tls_e2e_25_1024B,setup,1261801,26407.0294362332,33320416149.668488,12618.010000229002,1.6027120168281415
no_tls_e2e_25_1024B,compute,754724,17065.286352597945,7734991984.618876,7547.240000113967,0.619507854631623
no_tls_e2e_25_1024B,sleep,25978419,3.2914861192499534,85507605.53855926,259784.1900899046,0.004112915827828073
no_tls_e2e_25_1024B,modem,1348959,29907.14174198147,40343508017.12158,13489.590000248027,1.9405227356592274
no_tls_e2e_25_1024B,system,5613299,1595.657649040578,8956903485.701828,56132.99000244867,0.4308270576810517
no_tls_e2e_25_1416B,total,34954537,2935.299699086919,102602041937.82259,349545.3701735012,4.935158219658893
no_tls_e2e_25_1416B,setup,1267385,26510.053947318123,33598444722.02178,12673.85000023022,1.6160851911586038
no_tls_e2e_25_1416B,compute,753675,17515.53754202668,8127811613.947357,7536.750000113592,0.6349691946206427
no_tls_e2e_25_1416B,sleep,25821999,3.4966080865696867,90289410.51479436,258219.9900884478,0.004342920647249184
no_tls_e2e_25_1416B,modem,1611602,32150.207719747712,51813339061.56085,16116.020000305356,2.492221608908298
no_tls_e2e_25_1416B,system,5499876,1631.3380755534154,8972157129.622416,54998.7600022176,0.43156075795223897
no_tls_e2e_25_2048B,total,34765613,2459.2379006351844,85496913128.41527,347656.1301717417,4.112401523508296
no_tls_e2e_25_2048B,setup,1076593,26026.859444220674,28020334689.631866,10765.930000188575,1.3477780985949004
no_tls_e2e_25_2048B,compute,754366,16718.598379709074,7687735637.550733,7543.660000113515,0.6066344191224247
no_tls_e2e_25_2048B,sleep,25974013,3.5407670920328953,91967930.47843462,259740.13008986355,0.004423657457543179
no_tls_e2e_25_2048B,modem,1345399,30281.580432109142,40740808031.779205,13453.99000024725,1.959632866364593
no_tls_e2e_25_2048B,system,5615242,1594.956520046205,8956066839.537292,56152.42000245263,0.4307868150005597
tls_10_1024B,total,31494418,2608.702276088877,82159559920.6945,314944.18014127633,3.9518748339581204
tls_10_1024B,setup,1479085,26548.98635483621,39268207482.642914,14790.85000027643,1.8888007799504245
tls_10_1024B,compute,15941,44261.27741231997,122364188.78618428,159.4100000000002,0.033937870017353065
tls_10_1024B,sleep,26341977,3.188105912672709,83981012.62518851,263419.7700932905,0.004039486708702157
tls_10_1024B,modem,1358725,30142.178050948838,40954930872.27546,13587.250000250158,1.969932174992718
tls_10_1024B,system,2298690,752.635789810899,1730076363.6804156,22986.89999925427,0.0832166730903283
tls_10_1416B,total,31203612,2343.5187717275967,73126250467.7045,312036.120138568,3.5173726490585695
tls_10_1416B,setup,1187790,26072.41020033418,30968548111.854935,11877.900000212847,1.4895871642069152
tls_10_1416B,compute,16425,44290.19794098857,129472451.57109573,164.2499999999958,0.03499113870679256
tls_10_1416B,sleep,26309949,3.1388487112908017,82582949.51277672,263099.4900929922,0.003972239872968543
tls_10_1416B,modem,1337755,30065.107209314087,40219747494.79597,13377.550000245581,1.9345698545352
tls_10_1416B,system,2351693,733.8965840226289,1725899459.3699281,23516.929999169428,0.08301576399276159
tls_10_2048B,total,31312018,2414.2499259838064,75595037138.90361,313120.1801395776,3.6361212880021143
tls_10_2048B,setup,1295480,26295.88152697212,34065788600.561844,12954.800000236353,1.6385644317169192
tls_10_2048B,compute,17139,44927.22144048823,140333486.02476257,171.3899999999893,0.03703736788171388
tls_10_2048B,sleep,26356147,3.1074443950513673,81900261.27029991,263561.47009342245,0.003939402568497793
tls_10_2048B,modem,1320686,29947.685348923074,39551488772.72782,13206.860000241855,1.9024266100030465
tls_10_2048B,system,2322566,755.8562459264374,1755526017.676382,23225.65999921605,0.08444080144738379
tls_10_256B,total,31263907,2348.865448669105,73434710942.70416,312639.07013912953,3.532209597915962
tls_10_256B,setup,1249497,26568.980861085965,33197861878.98433,12494.970000226316,1.5968171564080684
tls_10_256B,compute,15031,69884.8324402537,119955504.096969,150.31000000000847,0.05052611187929755
tls_10_256B,sleep,26439767,3.2666375451131766,86369135.56624438,264397.6700942012,0.004154355422216494
tls_10_256B,modem,1267174,30218.39745507678,38291967576.73946,12671.740000230175,1.8418436404746243
tls_10_256B,system,2292438,758.3877281334551,1738556846.7068014,22924.379999264278,0.08362458432391336
tls_10_708B,total,31191346,2284.4449339041844,71254912351.35254,311913.46013845375,3.427361285621412
tls_10_708B,setup,1176366,25447.374734608264,29935426427.052185,11763.660000210353,1.4398940111669576
tls_10_708B,compute,15596,44129.7977774841,117443206.77039748,155.96000000000333,0.03310474448722129
tls_10_708B,sleep,26377118,3.25435252791042,85840440.64229144,263771.18009361776,0.004128925196359659
tls_10_708B,modem,1309081,30056.584211497335,39346503316.17114,13090.810000239322,1.892566809542431
tls_10_708B,system,2313185,765.0486061793592,1769698960.085001,23131.849999231068,0.08512251997725898
tls_15_1024B,total,31130518,2320.983541537675,72253419917.54234,311305.18013788725,3.47538949957315
tls_15_1024B,setup,1111645,25662.3741070165,28527449864.19436,11116.450000196226,1.37217033849197
tls_15_1024B,compute,16677,36503.6609512994,148216991.32358825,166.76999999999973,0.029281911732239794
tls_15_1024B,sleep,26047985,3.0553886741903766,79586718.35448082,260479.85009055247,0.0038281211541813243
tls_15_1024B,modem,1397500,29810.5533440694,41660248298.33699,13975.000000258622,2.0038579431870924
tls_15_1024B,system,2556711,718.8603032296152,1837918044.7304926,25567.109998841253,0.08840385794753006
tls_15_1416B,total,31472630,2631.351901078398,82815564782.43703,314726.3001410734,3.983428667820759
tls_15_1416B,setup,1453310,26723.68043707013,38837792015.99839,14533.100000270804,1.8680977960043321
tls_15_1416B,compute,17125,36129.60704478,148602086.40408403,171.24999999999562,0.029760408942872584
tls_15_1416B,sleep,26011028,3.056664692432667,79506990.90147749,260110.28009020828,0.003824286263687359
tls_15_1416B,modem,1402346,29871.073958148154,41889581080.91323,14023.46000025968,2.014888850029237
tls_15_1416B,system,2588821,718.5056856317537,1860082607.5828824,25888.209998789855,0.08946997342055435
tls_15_2048B,total,31372753,2464.696740337393,77324322054.51016,313727.53014014324,3.7192998924833636
tls_15_2048B,setup,1352696,26281.730416573406,35551191607.57718,13526.960000248842,1.7100123163559195
tls_15_2048B,compute,17864,36882.540557090615,165766036.44440392,178.63999999998893,0.03169163278701882
tls_15_2048B,sleep,26289605,3.046511800254832,80091591.85653843,262896.05009280273,0.0038524055696594036
tls_15_2048B,modem,1336356,29734.646720346336,39736073552.61515,13363.560000245276,1.9113051379158688
tls_15_2048B,system,2376232,753.7981415156198,1791199265.4099443,23762.319999130148,0.08615668466306443
tls_15_256B,total,31366464,2356.4091947516204,73912224176.4457,313664.64014008467,3.5551779844748035
tls_15_256B,setup,1348540,24598.316223271497,33171813359.730545,13485.400000247935,1.595564222632374
tls_15_256B,compute,15737,35962.28797057255,133381573.87126389,157.37000000000828,0.02722164309063993
tls_15_256B,sleep,26386108,3.064073126926234,80848964.44697332,263861.0800937015,0.003888835191280407
tls_15_256B,modem,1290072,30070.69984269245,38793367887.46194,12900.720000235173,1.8659609954209346
tls_15_256B,system,2326007,744.972990336584,1732812390.3338265,23260.069999210544,0.08334827597222819
tls_15_708B,total,31346397,2447.9806785081005,76735374196.84428,313463.9701398978,3.690971500515476
tls_15_708B,setup,1327877,26187.712478999518,34774061083.47644,13278.770000243425,1.6726323381458792
tls_15_708B,compute,16332,32302.089929710575,137589721.78843808,163.32000000000286,0.025375526944411236
tls_15_708B,sleep,26353016,3.0641411684630415,80749361.23876522,263530.1600933933,0.003884044276961086
tls_15_708B,modem,1335179,29948.947536238622,39987205822.48755,13351.790000245019,1.923384600096947
tls_15_708B,system,2313993,758.7612439816768,1755768207.2448921,23139.929999229775,0.08445245076566826
tls_20_1024B,total,31352380,2504.7458284733575,78529743017.71152,313523.8001399535,3.7772806408380597
tls_20_1024B,setup,1222147,26058.02700727419,31846739532.85913,12221.470000220346,1.5318281715581423
tls_20_1024B,compute,38914,43289.69624154312,937968557.6023529,389.13999999993604,0.08102806902202465
tls_20_1024B,sleep,25996024,3.066973331508899,79729112.33326529,259960.24009006855,0.0038349703045587645
tls_20_1024B,modem,1452466,30013.733755082718,43593927812.309975,14524.66000027062,2.096867927811178
tls_20_1024B,system,2642829,783.7729955121154,2071378001.9562883,26428.289998703403,0.09963328188920935
tls_20_1416B,total,31553775,2593.9422474266385,81848670038.29448,315537.75014182914,3.9369210306115465
tls_20_1416B,setup,1423117,26407.60155023649,37581106695.367905,14231.170000264214,1.8076512320807567
tls_20_1416B,compute,39424,43247.336573357636,939582852.8139925,394.2399999999314,0.082009682158959
tls_20_1416B,sleep,26307400,3.0862939326984904,81192369.00507227,263074.00009296846,0.003905352950524099
tls_20_1416B,modem,1356782,30409.255760815882,41258730849.671295,13567.820000249734,1.9845449539057174
tls_20_1416B,system,2427052,819.124300070764,1988057270.735348,24270.5199990488,0.09562555471862252
tls_20_2048B,total,31417045,2376.9509968014713,74676776429.30669,314170.45014055574,3.5919529478566434
tls_20_2048B,setup,1285723,23931.353047985624,30769091034.915222,12857.230000234224,1.4799932788063834
tls_20_2048B,compute,40113,44089.098791754266,962825967.2200865,401.12999999992513,0.08506706355398215
tls_20_2048B,sleep,26327690,3.1659590096247516,83352387.35810748,263276.9000931574,0.004009249833343596
tls_20_2048B,modem,1355951,30145.379879623906,40875657993.155914,13559.510000249553,1.966119149506984
tls_20_2048B,system,2407568,824.836119286653,1985849046.0387285,24075.67999907999,0.09551933911081274
tls_20_256B,total,31279759,2247.723358206374,70308244943.36606,312797.59013927716,3.381826583281709
tls_20_256B,setup,1150463,25388.212296121732,29208198882.833096,11504.6300002047,1.4049143662892691
tls_20_256B,compute,38011,42748.43255687893,922205431.2170519,380.10999999994425,0.07815820322311767
tls_20_256B,sleep,26362552,3.0195796260364536,79603824.90952656,263625.5200934821,0.003828943979505978
tls_20_256B,modem,1284259,29724.255069961844,38173642091.89413,12842.590000233904,1.8361521846535493
tls_20_256B,system,2444474,787.3246808460119,1924594711.8863742,24444.739999020912,0.09257300563802674
tls_20_708B,total,31566977,2429.2300498360623,76683449110.88383,315669.7701419521,3.6884739038921652
tls_20_708B,setup,1437178,24953.305486943234,35862341673.114105,14371.780000267283,1.724978634508869
tls_20_708B,compute,38597,43693.81032481126,945728902.6461892,385.9699999999389,0.08111824486082135
tls_20_708B,sleep,26369794,3.0110568910873794,79400949.94025463,263697.94009354955,0.003819185693481143
tls_20_708B,modem,1282078,29536.167061292483,37867669993.60774,12820.780000233428,1.8214349267256953
tls_20_708B,system,2439330,790.5070617465241,1928307590.9301486,24393.299999029146,0.09275159512004862
tls_25_1024B,total,35142415,2825.858321850429,99307485877.67134,351424.15017525095,4.776690073098068
tls_25_1024B,setup,1451846,27868.15327587587,40460266860.96728,14518.460000270485,1.9461388360487835
tls_25_1024B,compute,753411,17932.44015655944,7991931964.602333,7534.110000113823,0.6498549379749902
tls_25_1024B,sleep,25994276,3.424471832146292,89016665.95903638,259942.76009005227,0.004281701634112965
tls_25_1024B,modem,1393353,30077.502997939904,41908579034.68856,13933.530000257717,2.0158026516058043
tls_25_1024B,system,5549529,1596.1158777632788,8857691351.00777,55495.290002318754,0.4260549540012756
tls_25_1416B,total,34938516,2622.6576622983407,91631766696.73317,349385.160173352,4.407487980299698
tls_25_1416B,setup,1245843,27247.65147621507,33946295858.08221,12458.430000225519,1.632816830803311
tls_25_1416B,compute,753360,17895.895252556744,7959530618.830189,7533.600000113711,0.6484866842529098
tls_25_1416B,sleep,26035338,3.3927813094400863,88332208.15135524,260353.3800904347,0.004248779213556016
tls_25_1416B,modem,1343373,30345.6660229858,40765548402.2965,13433.730000246807,1.9608228781864863
tls_25_1416B,system,5560602,1595.5214217189791,8872059608.653399,55606.02000234131,0.4267460671941967
tls_25_2048B,total,35051962,2736.0876713409434,95905241084.51123,350519.62017440854,4.6130420984603075
tls_25_2048B,setup,1358623,26607.756341133576,36149909743.45992,13586.230000250136,1.7388106586924357
tls_25_2048B,compute,755071,17851.802340924798,7944669411.713554,7550.710000113933,0.6483580936118121
tls_25_2048B,sleep,25990155,3.3544234755682005,87181986.06565624,259901.5500900139,0.004193453531210419
tls_25_2048B,modem,1408175,30488.84262104816,42933625957.89449,14081.750000260952,2.065107408612994
tls_25_2048B,system,5539938,1586.6339992737205,8789853984.668457,55399.380002299215,0.42279197668009966
tls_25_256B,total,35038165,2808.256979744642,98396171418.69443,350381.65017428005,4.732855847593327
tls_25_256B,setup,1346176,28105.54485285265,37835009947.83377,13461.76000024742,1.8198639785242523
tls_25_256B,compute,752993,18213.59006578284,8203211281.667785,7529.9300001139245,0.6596773501638138
tls_25_256B,sleep,22557233,10.897179787056297,245810223.4995193,225572.3300580423,0.011823471753369187
tls_25_256B,modem,1409622,30658.030120714837,43216233734.82229,14096.220000261268,2.0787008426834794
tls_25_256B,system,8972141,991.503168158198,8895906226.662064,89721.40999169432,0.4278930894628344
tls_25_708B,total,34931845,2538.1480545283916,88662194427.83733,349318.45017328986,4.264651554094583
tls_25_708B,setup,1241151,25504.60233230933,31655062689.348057,12411.510000224494,1.5226085153851816
tls_25_708B,compute,753006,18146.202965462733,8140578038.333368,7530.060000113809,0.6572480060710938
tls_25_708B,sleep,26040595,3.450715175398734,89858676.34291239,260405.95009048365,0.0043222023335959285
tls_25_708B,modem,1335399,29928.27875992117,39966193527.71997,13353.990000245067,1.9223739087186094
tls_25_708B,system,5561694,1584.139921307597,8810501495.496935,55616.94000234354,0.4237851219512596
tls_e2e_10_256B,total,31393692,2569.4783600579244,80665412236.32358,313936.92014033825,3.8800063303016312
tls_e2e_10_256B,setup,1378585,27689.874079485686,38172845057.867775,13785.850000254493,1.836113847317335
tls_e2e_10_256B,compute,15716,43850.35848402742,115972660.4879681,157.16000000000224,0.033148222452272766
tls_e2e_10_256B,sleep,26087076,3.361130553675591,87682068.19965722,260870.76009091653,0.004217507481873363
tls_e2e_10_256B,modem,1344050,30150.282852214947,40523487667.5195,13440.500000246955,1.9491797568435016
tls_e2e_10_256B,system,2568265,687.3997742901961,1765424781.3174105,25682.64999882276,0.084916931977475
tls_e2e_10_708B,total,31267106,2354.409367106811,73615567248.72157,312671.0601391593,3.5409087862394455
tls_e2e_10_708B,setup,1250715,26700.615390423398,33394860178.0334,12507.150000226582,1.6062927745925066
tls_e2e_10_708B,compute,16988,44719.802064756535,130541866.60083422,169.87999999999067,0.036541569878597635
tls_e2e_10_708B,sleep,26149106,3.3056016416794174,86438527.7220491,261491.06009149423,0.004157693184885315
tls_e2e_10_708B,modem,1274363,30009.91907597265,38243530503.413734,12743.630000231744,1.839513817247652
tls_e2e_10_708B,system,2575934,683.3234749902517,1760196172.225539,25759.339998810483,0.08466543588013874
tls_e2e_10_1024B,total,31465146,2480.891173289107,78061602977.65305,314651.4601410037,3.754763104907721
tls_e2e_10_1024B,setup,1447865,24769.440403238055,35862805829.434265,14478.650000269616,1.7250009604279102
tls_e2e_10_1024B,compute,17881,70063.31948525376,152741909.7999165,178.80999999998255,0.060259786575925164
tls_e2e_10_1024B,sleep,26097547,3.307484632478429,86317235.64788352,260975.47009101405,0.004151859036111141
tls_e2e_10_1024B,modem,1347311,29820.549245845,40177554024.96867,13473.110000247667,1.9325403486365174
tls_e2e_10_1024B,system,2554542,697.6530340589084,1782183976.930912,25545.419998844725,0.0857230492865001
tls_e2e_10_1416B,total,31280479,2393.447424549104,74868181901.21234,312804.79013928387,3.601159551051816
tls_e2e_10_1416B,setup,1262111,26306.694071577032,33201967961.372158,12621.11000022907,1.5970146589709862
tls_e2e_10_1416B,compute,18965,71188.7964952508,165470589.98203123,189.6499999999727,0.0649395947781006
tls_e2e_10_1416B,sleep,26106683,3.279535061055843,85617782.22637054,261066.83009109914,0.004118215326525471
tls_e2e_10_1416B,modem,1313293,30179.72905773322,39634826913.41763,13132.930000240241,1.9064351745702626
tls_e2e_10_1416B,system,2579427,690.1915245153174,1780298653.5059717,25794.26999880489,0.08563236522966969
tls_e2e_10_2048B,total,31488724,2586.293015484226,81439066947.71053,314887.2401412233,3.9172191219417036
tls_e2e_10_2048B,setup,1468472,27261.388657267446,40032585924.31484,14684.720000274114,1.9255673829954876
tls_e2e_10_2048B,compute,20850,44283.451970239366,169888458.35247836,208.49999999995555,0.04441120972916404
tls_e2e_10_2048B,sleep,26098408,3.265631289682201,85227777.77569227,260984.08009102207,0.004099456112440544
tls_e2e_10_2048B,modem,1311527,30026.64733264395,39380758696.240524,13115.270000239856,1.8942144933238112
tls_e2e_10_2048B,system,2589467,683.7724095856871,1770606090.1326203,25894.66999878882,0.08516615293139553
tls_e2e_15_256B,total,31073946,2166.2777469668954,67314797730.25097,310739.4601373604,3.2378417722563384
tls_e2e_15_256B,setup,1055324,25299.826477012517,26699514077.026756,10553.240000183932,1.28424662712737
tls_e2e_15_256B,compute,16432,36071.66589836005,140508540.98184872,164.32000000000195,0.028510294435413433
tls_e2e_15_256B,sleep,26159644,3.264041367519467,85386160.17558242,261596.44009159238,0.004107074305883518
tls_e2e_15_256B,modem,1287442,29973.66200282937,38589351356.24665,12874.420000234599,1.8561478002692866
tls_e2e_15_256B,system,2555104,704.4870170768285,1800037595.2810726,25551.039998843826,0.08658180832910181
tls_e2e_15_708B,total,31344878,2417.4238557182575,75773855831.77838,313448.78013988363,3.6447224671350806
tls_e2e_15_708B,setup,1324972,26504.949174854482,35118315518.10529,13249.72000024279,1.6891909764518176
tls_e2e_15_708B,compute,17707,36433.89557581578,155804782.7089187,177.06999999999036,0.031030992969020964
tls_e2e_15_708B,sleep,26136275,3.2553029258106476,85081492.47729169,261362.75009137474,0.004092419789588476
tls_e2e_15_708B,modem,1289872,29962.121826315666,38647302004.35344,12898.72000023513,1.8589352264432866
tls_e2e_15_708B,system,2576052,686.0700146608581,1767352033.4071329,25760.519998810294,0.08500963280295705
tls_e2e_15_1024B,total,31318346,2435.7478990099335,76283595469.96616,313183.46013963653,3.6692409437413462
tls_e2e_15_1024B,setup,1297593,24379.321989471577,31634437558.284393,12975.930000236815,1.5216164465812492
tls_e2e_15_1024B,compute,18559,53231.779487450294,174070238.513494,185.58999999998258,0.04751936544391061
tls_e2e_15_1024B,sleep,25851060,3.2668308402087107,84451040.06008579,258510.60008871846,0.0040620950282842004
tls_e2e_15_1024B,modem,1407544,30207.581074800823,42518499496.34945,14075.440000260814,2.0451398258123046
tls_e2e_15_1024B,system,2743590,682.3676774176287,1872137136.086232,27435.899998542114,0.0900497962409627
tls_e2e_15_1416B,total,31181481,2275.041320520228,70939157710.0164,311814.8101383619,3.4121734873658753
tls_e2e_15_1416B,setup,1159654,26119.21259336518,30289249360.746304,11596.540000206705,1.4569128942778662
tls_e2e_15_1416B,compute,19631,36423.269136207506,171637482.45946106,196.30999999997283,0.034392711947455225
tls_e2e_15_1416B,sleep,26157445,3.2417725286472154,84796486.62060046,261574.4500915719,0.004078711007878755
tls_e2e_15_1416B,modem,1291670,29892.89436827876,38611754868.67463,12916.700000235522,1.857225409217114
tls_e2e_15_1416B,system,2553081,697.8703420652427,1781719510.7902718,25530.809998847064,0.08570070846514194
tls_e2e_15_2048B,total,31556912,2596.390895097527,81934078994.1939,315569.12014185835,3.941029201392344
tls_e2e_15_2048B,setup,1533153,25327.597438429962,38831081995.52121,15331.530000288232,1.8677750440196843
tls_e2e_15_2048B,compute,21566,48452.78262436442,208366979.3558905,215.65999999995526,0.050261263354695336
tls_e2e_15_2048B,sleep,26050119,3.240443275816779,84413932.94777691,260501.19009057235,0.004060310176199778
tls_e2e_15_2048B,modem,1366133,30015.423194872867,41005060135.481255,13661.330000251775,1.9723433925529978
tls_e2e_15_2048B,system,2585941,698.0654044291493,1805155949.9949188,25859.409998794465,0.08682800119070777
tls_e2e_20_256B,total,31692167,2558.0777930790628,81071028617.2531,316921.670143118,3.899516478250849
tls_e2e_20_256B,setup,1562258,25701.850598302666,40152921712.00313,15622.580000294585,1.9313555343837685
tls_e2e_20_256B,compute,38668,42689.322176951784,925004281.2330551,386.6799999999383,0.079399185148023
tls_e2e_20_256B,sleep,26127919,3.262592866041589,85244762.13391249,261279.1900912969,0.0041002730600739196
tls_e2e_20_256B,modem,1267459,29907.61455841979,37906675240.60019,12674.590000230237,1.82331107910599
tls_e2e_20_256B,system,2695863,742.3161415965167,2001182620.4328103,26958.62999861851,0.0962568840378855
tls_e2e_20_708B,total,31399582,2419.153635282105,75960412941.63855,313995.8201403931,3.653695864126446
tls_e2e_20_708B,setup,1268387,27250.816996209185,34564582017.37078,12683.87000023044,1.6625563950657396
tls_e2e_20_708B,compute,39951,43211.42123320819,944756721.371848,399.5099999999266,0.08303692945397274
tls_e2e_20_708B,sleep,26129537,3.336736462663366,87187378.86041154,261295.37009131198,0.004193712924651325
tls_e2e_20_708B,modem,1275033,30066.06738503103,38335228096.13827,12750.33000023189,1.8439244714577863
tls_e2e_20_708B,system,2686674,755.0818324800969,2028658727.1966317,26866.73999863322,0.09757848477319392
tls_e2e_20_1024B,total,31189892,2405.6631529541096,75032373929.01816,311898.9201384402,3.609057187587698
tls_e2e_20_1024B,setup,1057825,25870.529870612165,27366493260.380314,10578.250000184478,1.3163283258472491
tls_e2e_20_1024B,compute,40822,43563.23197553298,958753403.4261708,408.2199999999187,0.08553807009940342
tls_e2e_20_1024B,sleep,25678376,3.346458997200031,85931632.39868535,256783.76008711022,0.0041333115197789315
tls_e2e_20_1024B,modem,1486689,29919.76405784526,44481384107.39391,14866.89000027809,2.139554575605668
tls_e2e_20_1024B,system,2926180,731.2644897869184,2139811524.7246847,29261.79999824984,0.10292493433310136
tls_e2e_20_1416B,total,32134617,3103.194162506405,99719955888.77908,321346.17014723865,4.796529880448011
tls_e2e_20_1416B,setup,2001659,28496.01261155584,57039300108.034256,20016.58999972973,2.743590335159403
tls_e2e_20_1416B,compute,41845,43560.69109734572,965464411.0314779,418.4499999999094,0.08767654142236257
tls_e2e_20_1416B,sleep,26119908,3.4995340189253,91407506.6171991,261199.0800912223,0.0043967010698228
tls_e2e_20_1416B,modem,1300762,30446.583260376814,39603758534.934265,13007.620000237506,1.9049407855651204
tls_e2e_20_1416B,system,2670443,756.4382863799374,2020025326.795299,26704.4299986592,0.09716321821397543
tls_e2e_20_2048B,total,31427669,2502.251142454046,78639920659.91762,314276.6901406547,3.782580185434932
tls_e2e_20_2048B,setup,1292853,27482.165184517944,35530399705.299576,12928.53000023578,1.709012225856077
tls_e2e_20_2048B,compute,43767,43927.70091471769,988972727.2764267,437.6699999998919,0.09247627529342416
tls_e2e_20_2048B,sleep,26127647,3.652381994115626,95428147.45140915,261276.47009129438,0.004590093894016636
tls_e2e_20_2048B,modem,1319989,30306.51921763635,40004271995.56859,13199.890000241703,1.9242054830220832
tls_e2e_20_2048B,system,2643413,764.4844310622692,2020848083.3676062,26434.12999870247,0.0972027928052106
tls_e2e_25_256B,total,34830712,2446.9944656141633,85230559497.40083,348307.120172348,4.099589913853523
tls_e2e_25_256B,setup,1142870,25363.168588232882,28986804484.433712,11428.700000203042,1.394265295726032
tls_e2e_25_256B,compute,752604,18271.76301020283,8330449063.458603,7526.040000113687,0.6614424327723178
tls_e2e_25_256B,sleep,26123104,3.7554225815765663,98103294.66247313,261231.04009125207,0.004718768474913296
tls_e2e_25_256B,modem,1299062,29955.149137950248,38913595949.443924,12990.620000237135,1.8717439652024201
tls_e2e_25_256B,system,5513072,1614.6363959026246,8901606704.431675,55130.72000224448,0.428167282500595
tls_e2e_25_708B,total,35223586,2819.0804424386333,99298122405.15524,352235.8601760069,4.776239690074582
tls_e2e_25_708B,setup,1536841,27333.601738789974,42007399829.84372,15368.410000289037,2.020555931853484
tls_e2e_25_708B,compute,753065,17887.547439258473,8163147779.274329,7530.650000113511,0.6479303723935695
tls_e2e_25_708B,sleep,26051707,3.7145327927573266,96769919.95880559,260517.07009058713,0.004654633151637061
tls_e2e_25_708B,modem,1337398,29959.38587997566,40067622757.10769,13373.980000245503,1.9272526546522577
tls_e2e_25_708B,system,5544575,1616.5679278188325,8963182118.386103,55445.75000230866,0.431129059912323
tls_e2e_25_1024B,total,35070834,2742.9033374868623,96195907627.04773,350708.3401745843,4.62702315916435
tls_e2e_25_1024B,setup,1381215,26334.708003446278,36373893714.98005,13812.150000255067,1.7495842877228498
tls_e2e_25_1024B,compute,754414,17733.907436412323,8138422292.909393,7544.14000011361,0.6435158569613755
tls_e2e_25_1024B,sleep,25954355,3.759709733756311,97580841.12686677,259543.55008968047,0.004693638459824092
tls_e2e_25_1024B,modem,1416064,30111.690192541722,42640080460.8114,14160.640000262674,2.0509878702030733
tls_e2e_25_1024B,system,5564786,1607.596467574235,8945930316.406557,55647.86000234984,0.43029924823732557
tls_e2e_25_1416B,total,35120774,2747.383250224693,96490226222.52689,351207.7401750494,4.641179883616806
tls_e2e_25_1416B,setup,1429948,26557.96164141734,37976504133.22144,14299.480000265705,1.8266698488418933
tls_e2e_25_1416B,compute,755886,17665.27848012735,8180302862.350904,7558.860000113696,0.6422762547616016
tls_e2e_25_1416B,sleep,26029318,3.724780992096522,96953508.92363586,260293.18009037862,0.004663463780846125
tls_e2e_25_1416B,modem,1377250,29980.970318773354,41291291371.5306,13772.500000254202,1.9861111150072799
tls_e2e_25_1416B,system,5528372,1618.0485585334957,8945174345.636938,55283.72000227565,0.4302628860428477
tls_e2e_25_2048B,total,35068715,2773.151313945105,97250853080.61641,350687.15017456457,4.677766035506141
tls_e2e_25_2048B,setup,1375686,26485.480237904056,36435704366.56128,13756.86000025386,1.7525573800639378
tls_e2e_25_2048B,compute,757577,17432.707249513096,8132567824.971401,7575.770000113639,0.6352383286938155
tls_e2e_25_2048B,sleep,25725354,3.628821917592367,93352728.43302247,257253.54008754774,0.004490266239156493
tls_e2e_25_2048B,modem,1436508,30338.346774228823,43581277847.953896,14365.080000267137,2.0962594645255646
tls_e2e_25_2048B,system,5773590,1560.1991675821284,9007950311.9605,57735.900002775226,0.4332824100261269
